{
  "hash": "d8e8d57b",
  "configHash": "5aa9bc01",
  "lockfileHash": "7502fe71",
  "browserHash": "660219ee",
  "optimized": {
    "@angular/core": {
      "src": "../../../../../node_modules/@angular/core/fesm2022/core.mjs",
      "file": "@angular_core.js",
      "fileHash": "39a3d44b",
      "needsInterop": false
    },
    "@angular/platform-browser": {
      "src": "../../../../../node_modules/@angular/platform-browser/fesm2022/platform-browser.mjs",
      "file": "@angular_platform-browser.js",
      "fileHash": "4f07a0d1",
      "needsInterop": false
    },
    "@angular/router": {
      "src": "../../../../../node_modules/@angular/router/fesm2022/router.mjs",
      "file": "@angular_router.js",
      "fileHash": "47fdcbc0",
      "needsInterop": false
    },
    "@ngrx/store": {
      "src": "../../../../../node_modules/@ngrx/store/fesm2022/ngrx-store.mjs",
      "file": "@ngrx_store.js",
      "fileHash": "868eec1b",
      "needsInterop": false
    },
    "@angular/common": {
      "src": "../../../../../node_modules/@angular/common/fesm2022/common.mjs",
      "file": "@angular_common.js",
      "fileHash": "0da8e97c",
      "needsInterop": false
    },
    "@angular/common/http": {
      "src": "../../../../../node_modules/@angular/common/fesm2022/http.mjs",
      "file": "@angular_common_http.js",
      "fileHash": "846f5499",
      "needsInterop": false
    },
    "@ng-bootstrap/ng-bootstrap": {
      "src": "../../../../../node_modules/@ng-bootstrap/ng-bootstrap/fesm2022/ng-bootstrap.mjs",
      "file": "@ng-bootstrap_ng-bootstrap.js",
      "fileHash": "349be747",
      "needsInterop": false
    },
    "d3": {
      "src": "../../../../../node_modules/d3/src/index.js",
      "file": "d3.js",
      "fileHash": "353a8053",
      "needsInterop": false
    }
  },
  "chunks": {
    "chunk-NIRRMQAY": {
      "file": "chunk-NIRRMQAY.js"
    },
    "chunk-VTOGUFHR": {
      "file": "chunk-VTOGUFHR.js"
    },
    "chunk-5TC53735": {
      "file": "chunk-5TC53735.js"
    },
    "chunk-GLKQDZEF": {
      "file": "chunk-GLKQDZEF.js"
    },
    "chunk-64QQLJFL": {
      "file": "chunk-64QQLJFL.js"
    },
    "chunk-BJWEDLTQ": {
      "file": "chunk-BJWEDLTQ.js"
    }
  }
}