[
    {
        "id": 100,
        "userid": "med-001",
        "sgvalue": 333,
        "date": "2026-03-07 09:03:38"
    },
    {
        "id": 101,
        "userid": "med-001",
        "sgvalue": 176,
        "date": "2026-02-19 23:04:23"
    },
    {
        "id": 102,
        "userid": "med-001",
        "sgvalue": 349,
        "date": "2025-06-25 19:41:49"
    },
    {
        "id": 103,
        "userid": "med-001",
        "sgvalue": 157,
        "date": "2026-03-15 06:24:49"
    },
    {
        "id": 104,
        "userid": "med-001",
        "sgvalue": 189,
        "date": "2025-07-14 04:04:56"
    },
    {
        "id": 105,
        "userid": "med-001",
        "sgvalue": 147,
        "date": "2025-10-08 22:16:48"
    },
    {
        "id": 106,
        "userid": "med-001",
        "sgvalue": 273,
        "date": "2025-06-26 19:15:21"
    },
    {
        "id": 107,
        "userid": "med-001",
        "sgvalue": 286,
        "date": "2026-06-02 16:52:38"
    },
    {
        "id": 108,
        "userid": "med-001",
        "sgvalue": 333,
        "date": "2025-07-29 10:13:32"
    },
    {
        "id": 109,
        "userid": "med-001",
        "sgvalue": 224,
        "date": "2024-07-28 10:01:21"
    },
    {
        "id": 110,
        "userid": "med-001",
        "sgvalue": 306,
        "date": "2025-09-08 03:39:27"
    },
    {
        "id": 111,
        "userid": "med-001",
        "sgvalue": 361,
        "date": "2025-02-24 06:53:29"
    },
    {
        "id": 112,
        "userid": "med-001",
        "sgvalue": 195,
        "date": "2025-04-15 06:57:43"
    },
    {
        "id": 113,
        "userid": "med-001",
        "sgvalue": 62,
        "date": "2024-12-30 03:10:28"
    },
    {
        "id": 114,
        "userid": "med-001",
        "sgvalue": 101,
        "date": "2026-05-17 13:35:00"
    },
    {
        "id": 115,
        "userid": "med-001",
        "sgvalue": 271,
        "date": "2025-05-14 16:43:33"
    },
    {
        "id": 116,
        "userid": "med-001",
        "sgvalue": 81,
        "date": "2024-09-11 05:53:30"
    },
    {
        "id": 117,
        "userid": "med-001",
        "sgvalue": 368,
        "date": "2026-06-04 13:24:53"
    },
    {
        "id": 118,
        "userid": "med-001",
        "sgvalue": 169,
        "date": "2025-01-03 17:55:57"
    },
    {
        "id": 119,
        "userid": "med-001",
        "sgvalue": 88,
        "date": "2025-04-11 11:06:21"
    },
    {
        "id": 120,
        "userid": "med-001",
        "sgvalue": 261,
        "date": "2025-01-25 09:36:53"
    },
    {
        "id": 121,
        "userid": "med-001",
        "sgvalue": 200,
        "date": "2026-02-02 02:35:39"
    },
    {
        "id": 122,
        "userid": "med-001",
        "sgvalue": 311,
        "date": "2025-09-26 09:55:35"
    },
    {
        "id": 123,
        "userid": "med-002",
        "sgvalue": 202,
        "date": "2024-10-19 05:29:37"
    },
    {
        "id": 124,
        "userid": "med-002",
        "sgvalue": 156,
        "date": "2026-03-27 23:57:33"
    },
    {
        "id": 125,
        "userid": "med-002",
        "sgvalue": 230,
        "date": "2026-02-19 04:43:06"
    },
    {
        "id": 126,
        "userid": "med-002",
        "sgvalue": 158,
        "date": "2025-06-25 20:50:30"
    },
    {
        "id": 127,
        "userid": "med-002",
        "sgvalue": 130,
        "date": "2025-11-08 14:05:45"
    },
    {
        "id": 128,
        "userid": "med-002",
        "sgvalue": 48,
        "date": "2025-01-30 23:24:03"
    },
    {
        "id": 129,
        "userid": "med-002",
        "sgvalue": 99,
        "date": "2025-09-09 18:01:37"
    },
    {
        "id": 130,
        "userid": "med-002",
        "sgvalue": 110,
        "date": "2026-05-28 16:23:30"
    },
    {
        "id": 131,
        "userid": "med-002",
        "sgvalue": 196,
        "date": "2024-08-07 15:18:27"
    },
    {
        "id": 132,
        "userid": "med-002",
        "sgvalue": 392,
        "date": "2024-07-12 17:10:21"
    },
    {
        "id": 133,
        "userid": "med-002",
        "sgvalue": 125,
        "date": "2025-10-24 05:45:10"
    },
    {
        "id": 134,
        "userid": "med-002",
        "sgvalue": 255,
        "date": "2026-04-14 13:33:11"
    },
    {
        "id": 135,
        "userid": "med-002",
        "sgvalue": 204,
        "date": "2026-02-19 12:00:01"
    },
    {
        "id": 136,
        "userid": "med-002",
        "sgvalue": 291,
        "date": "2026-03-08 01:10:32"
    },
    {
        "id": 137,
        "userid": "med-002",
        "sgvalue": 260,
        "date": "2025-12-15 22:40:23"
    },
    {
        "id": 138,
        "userid": "med-002",
        "sgvalue": 136,
        "date": "2025-03-01 13:25:59"
    },
    {
        "id": 139,
        "userid": "med-002",
        "sgvalue": 393,
        "date": "2025-01-09 13:00:40"
    },
    {
        "id": 140,
        "userid": "med-002",
        "sgvalue": 52,
        "date": "2026-03-05 14:07:40"
    },
    {
        "id": 141,
        "userid": "med-002",
        "sgvalue": 58,
        "date": "2026-01-15 01:05:25"
    },
    {
        "id": 142,
        "userid": "med-002",
        "sgvalue": 336,
        "date": "2025-03-31 08:05:41"
    },
    {
        "id": 143,
        "userid": "med-002",
        "sgvalue": 227,
        "date": "2026-01-31 03:11:00"
    },
    {
        "id": 144,
        "userid": "med-002",
        "sgvalue": 121,
        "date": "2026-01-22 06:35:16"
    },
    {
        "id": 145,
        "userid": "med-002",
        "sgvalue": 250,
        "date": "2026-02-06 01:48:32"
    },
    {
        "id": 146,
        "userid": "med-002",
        "sgvalue": 44,
        "date": "2024-07-19 02:42:44"
    },
    {
        "id": 147,
        "userid": "med-002",
        "sgvalue": 139,
        "date": "2025-11-22 04:06:31"
    },
    {
        "id": 148,
        "userid": "med-002",
        "sgvalue": 294,
        "date": "2025-05-08 09:34:33"
    },
    {
        "id": 149,
        "userid": "med-003",
        "sgvalue": 348,
        "date": "2026-02-02 20:05:40"
    },
    {
        "id": 150,
        "userid": "med-003",
        "sgvalue": 208,
        "date": "2026-04-01 14:53:46"
    },
    {
        "id": 151,
        "userid": "med-003",
        "sgvalue": 362,
        "date": "2025-10-02 15:01:51"
    },
    {
        "id": 152,
        "userid": "med-003",
        "sgvalue": 155,
        "date": "2025-05-16 00:25:21"
    },
    {
        "id": 153,
        "userid": "med-003",
        "sgvalue": 72,
        "date": "2025-12-08 19:38:59"
    },
    {
        "id": 154,
        "userid": "med-003",
        "sgvalue": 295,
        "date": "2025-03-02 17:16:58"
    },
    {
        "id": 155,
        "userid": "med-003",
        "sgvalue": 116,
        "date": "2026-01-18 01:03:55"
    },
    {
        "id": 156,
        "userid": "med-003",
        "sgvalue": 132,
        "date": "2026-01-07 11:13:55"
    },
    {
        "id": 157,
        "userid": "med-003",
        "sgvalue": 299,
        "date": "2025-02-01 14:04:57"
    },
    {
        "id": 158,
        "userid": "med-003",
        "sgvalue": 89,
        "date": "2024-11-10 04:22:28"
    },
    {
        "id": 159,
        "userid": "med-003",
        "sgvalue": 41,
        "date": "2026-01-06 04:54:48"
    },
    {
        "id": 160,
        "userid": "med-003",
        "sgvalue": 329,
        "date": "2025-07-16 19:08:12"
    },
    {
        "id": 161,
        "userid": "med-003",
        "sgvalue": 378,
        "date": "2026-05-03 18:43:33"
    },
    {
        "id": 162,
        "userid": "med-003",
        "sgvalue": 257,
        "date": "2025-12-05 20:36:08"
    },
    {
        "id": 163,
        "userid": "med-003",
        "sgvalue": 112,
        "date": "2025-11-10 10:23:08"
    },
    {
        "id": 164,
        "userid": "med-003",
        "sgvalue": 74,
        "date": "2025-05-14 17:04:47"
    },
    {
        "id": 165,
        "userid": "med-003",
        "sgvalue": 59,
        "date": "2025-12-15 18:47:41"
    },
    {
        "id": 166,
        "userid": "med-004",
        "sgvalue": 399,
        "date": "2026-05-08 11:48:40"
    },
    {
        "id": 167,
        "userid": "med-004",
        "sgvalue": 333,
        "date": "2026-02-15 11:51:43"
    },
    {
        "id": 168,
        "userid": "med-004",
        "sgvalue": 289,
        "date": "2025-02-07 18:23:19"
    },
    {
        "id": 169,
        "userid": "med-004",
        "sgvalue": 97,
        "date": "2024-12-17 12:04:58"
    },
    {
        "id": 170,
        "userid": "med-004",
        "sgvalue": 302,
        "date": "2025-10-20 00:40:04"
    },
    {
        "id": 171,
        "userid": "med-004",
        "sgvalue": 284,
        "date": "2024-11-18 20:54:33"
    },
    {
        "id": 172,
        "userid": "med-004",
        "sgvalue": 242,
        "date": "2024-07-03 19:34:33"
    },
    {
        "id": 173,
        "userid": "med-004",
        "sgvalue": 171,
        "date": "2025-09-26 13:23:55"
    },
    {
        "id": 174,
        "userid": "med-004",
        "sgvalue": 285,
        "date": "2025-01-04 03:24:17"
    },
    {
        "id": 175,
        "userid": "med-004",
        "sgvalue": 249,
        "date": "2025-07-24 20:25:39"
    },
    {
        "id": 176,
        "userid": "med-004",
        "sgvalue": 297,
        "date": "2025-02-06 00:04:29"
    },
    {
        "id": 177,
        "userid": "med-004",
        "sgvalue": 208,
        "date": "2024-07-06 22:39:57"
    },
    {
        "id": 178,
        "userid": "med-004",
        "sgvalue": 259,
        "date": "2025-10-05 12:08:07"
    },
    {
        "id": 179,
        "userid": "med-005",
        "sgvalue": 378,
        "date": "2024-08-20 03:41:06"
    },
    {
        "id": 180,
        "userid": "med-005",
        "sgvalue": 317,
        "date": "2025-10-31 15:18:42"
    },
    {
        "id": 181,
        "userid": "med-005",
        "sgvalue": 150,
        "date": "2024-07-06 04:24:43"
    },
    {
        "id": 182,
        "userid": "med-005",
        "sgvalue": 306,
        "date": "2025-12-15 06:23:44"
    },
    {
        "id": 183,
        "userid": "med-005",
        "sgvalue": 357,
        "date": "2025-01-12 13:48:29"
    },
    {
        "id": 184,
        "userid": "med-005",
        "sgvalue": 225,
        "date": "2025-07-19 13:29:16"
    },
    {
        "id": 185,
        "userid": "med-005",
        "sgvalue": 186,
        "date": "2024-07-15 04:12:10"
    },
    {
        "id": 186,
        "userid": "med-005",
        "sgvalue": 348,
        "date": "2025-06-27 01:58:02"
    },
    {
        "id": 187,
        "userid": "med-005",
        "sgvalue": 333,
        "date": "2024-07-28 12:32:44"
    },
    {
        "id": 188,
        "userid": "med-005",
        "sgvalue": 301,
        "date": "2026-03-03 13:25:50"
    },
    {
        "id": 189,
        "userid": "med-005",
        "sgvalue": 301,
        "date": "2026-05-05 21:41:45"
    },
    {
        "id": 190,
        "userid": "med-005",
        "sgvalue": 399,
        "date": "2026-04-15 16:45:20"
    },
    {
        "id": 191,
        "userid": "med-005",
        "sgvalue": 94,
        "date": "2026-05-06 06:37:40"
    },
    {
        "id": 192,
        "userid": "med-005",
        "sgvalue": 395,
        "date": "2026-04-04 08:47:28"
    },
    {
        "id": 193,
        "userid": "med-005",
        "sgvalue": 84,
        "date": "2025-11-03 01:05:25"
    },
    {
        "id": 194,
        "userid": "med-005",
        "sgvalue": 210,
        "date": "2024-12-31 22:12:52"
    },
    {
        "id": 195,
        "userid": "med-006",
        "sgvalue": 132,
        "date": "2024-09-18 03:02:47"
    },
    {
        "id": 196,
        "userid": "med-006",
        "sgvalue": 83,
        "date": "2024-08-12 04:48:43"
    },
    {
        "id": 197,
        "userid": "med-006",
        "sgvalue": 137,
        "date": "2025-07-28 13:51:56"
    },
    {
        "id": 198,
        "userid": "med-006",
        "sgvalue": 348,
        "date": "2025-02-19 13:45:02"
    },
    {
        "id": 199,
        "userid": "med-006",
        "sgvalue": 104,
        "date": "2025-07-31 06:43:30"
    }
]