[{"patientId":"med-001","sgData":88,"createdon":"2024-06-01 00:22:23"},
{"patientId":"med-001","sgData":65,"createdon":"2024-06-01 00:01:23"},
{"patientId":"med-001","sgData":89,"createdon":"2024-05-01 00:01:23"},
{"patientId":"med-001","sgData":81,"createdon":"2024-06-01 00:01:23"},
{"patientId":"med-001","sgData":58,"createdon":"2024-06-01 00:01:23"},
{"patientId":"med-001","sgData":87,"createdon":"1737819884000"},
{"patientId":"med-001","sgData":95,"createdon":"1742109583000"},
{"patientId":"med-001","sgData":97,"createdon":"1721876058000"},
{"patientId":"med-001","sgData":90,"createdon":"1738600191000"},
{"patientId":"med-001","sgData":64,"createdon":"1720583576000"},
{"patientId":"med-001","sgData":43,"createdon":"1731559721000"},
{"patientId":"med-001","sgData":67,"createdon":"1742714902000"},
{"patientId":"med-001","sgData":72,"createdon":"1750410005000"},
{"patientId":"med-001","sgData":81,"createdon":"1726172304000"},
{"patientId":"med-001","sgData":68,"createdon":"1744982808000"},
{"patientId":"med-001","sgData":97,"createdon":"1739013926000"},
{"patientId":"med-001","sgData":54,"createdon":"1745955868000"},
{"patientId":"med-001","sgData":63,"createdon":"1748987229000"},
{"patientId":"med-001","sgData":72,"createdon":"1719747383000"},
{"patientId":"med-001","sgData":86,"createdon":"1746692485000"},
{"patientId":"med-001","sgData":66,"createdon":"1745994646000"},
{"patientId":"med-001","sgData":57,"createdon":"1735016001000"},
{"patientId":"med-001","sgData":96,"createdon":"1726776013000"},
{"patientId":"med-001","sgData":43,"createdon":"1734157736000"},
{"patientId":"med-001","sgData":52,"createdon":"1730646127000"},
{"patientId":"med-001","sgData":54,"createdon":"1738978168000"},
{"patientId":"med-001","sgData":89,"createdon":"1727050714000"},
{"patientId":"med-001","sgData":64,"createdon":"1748057172000"},
{"patientId":"med-001","sgData":44,"createdon":"1722795139000"},
{"patientId":"med-001","sgData":55,"createdon":"1744164863000"},
{"patientId":"med-001","sgData":88,"createdon":"1725541772000"},
{"patientId":"med-001","sgData":89,"createdon":"1734605528000"},
{"patientId":"med-001","sgData":70,"createdon":"1721947313000"},
{"patientId":"med-001","sgData":91,"createdon":"1734424950000"},
{"patientId":"med-001","sgData":46,"createdon":"1719577191000"},
{"patientId":"med-001","sgData":71,"createdon":"1745970751000"},
{"patientId":"med-001","sgData":81,"createdon":"1723260942000"},
{"patientId":"med-001","sgData":57,"createdon":"1743061421000"},
{"patientId":"med-001","sgData":68,"createdon":"1720295479000"},
{"patientId":"med-001","sgData":93,"createdon":"1721315147000"},
{"patientId":"med-001","sgData":77,"createdon":"1729492880000"},
{"patientId":"med-001","sgData":85,"createdon":"1739123576000"},
{"patientId":"med-001","sgData":81,"createdon":"1738059318000"},
{"patientId":"med-001","sgData":53,"createdon":"1720752652000"},
{"patientId":"med-001","sgData":76,"createdon":"1746777246000"},
{"patientId":"med-001","sgData":54,"createdon":"1731247273000"},
{"patientId":"med-001","sgData":57,"createdon":"1736450438000"},
{"patientId":"med-001","sgData":86,"createdon":"1750595173000"},
{"patientId":"med-001","sgData":69,"createdon":"1732921438000"},
{"patientId":"med-001","sgData":74,"createdon":"1739534965000"},
{"patientId":"med-001","sgData":97,"createdon":"1720999355000"},
{"patientId":"med-001","sgData":62,"createdon":"1736661060000"},
{"patientId":"med-001","sgData":61,"createdon":"1722596686000"},
{"patientId":"med-001","sgData":78,"createdon":"1747265111000"},
{"patientId":"med-001","sgData":68,"createdon":"1731447355000"},
{"patientId":"med-001","sgData":55,"createdon":"1728101446000"},
{"patientId":"med-001","sgData":99,"createdon":"1723337305000"},
{"patientId":"med-001","sgData":53,"createdon":"1732819307000"},
{"patientId":"med-001","sgData":59,"createdon":"1742817976000"},
{"patientId":"med-001","sgData":96,"createdon":"1743783792000"}]